TSB_nm,lambda_nm,T
0.0,450.00000000000006,0.1055074896639641
0.0,452.0,0.1478224300874302
0.0,454.0,0.1805246597869456
0.0,456.0000000000001,0.2012085555489256
0.0,458.0000000000001,0.2100757652445881
0.0,460.00000000000006,0.2088197907687521
0.0,462.00000000000006,0.1994757625732345
0.0,464.0,0.1839800368099769
0.0,466.0,0.1639873360605215
0.0,468.0,0.1408780074786773
0.0,470.0000000000001,0.1158501922930095
0.0,472.00000000000006,0.0900465917927174
0.0,474.00000000000006,0.0646903657763367
0.0,476.0,0.0412095726273358
0.0,478.0,0.0213175144242383
0.0,480.00000000000006,0.0069922662657225
0.0,482.0,0.0002774275614369267
0.0,484.00000000000006,0.0028424028769793
0.0,486.0000000000001,0.0153399043727276
0.0,488.00000000000006,0.0367810309616229
0.0,490.00000000000006,0.0642892644475572
0.0,492.0,0.0934935880402843
0.0,494.00000000000006,0.1194352813096159
0.0,496.0,0.1375279882030642
0.0,498.00000000000006,0.1441356186412488
0.0,500.00000000000006,0.1367184470485384
0.0,502.0,0.113980074418356
0.0,504.00000000000006,0.0768415034197587
0.0,506.0,0.0321983475598886
0.0,508.00000000000006,0.001141894273951
0.0,510.0,0.0262268387151777
0.0,512.0,0.1466386781172009
0.0,514.0000000000001,0.3342277982031555
0.0,516.0,0.5081222916239083
0.0,518.0000000000001,0.6255747069804086
0.0,520.0,0.6925722559706892
0.0,522.0,0.7276482396155375
0.0,524.0,0.7449800533913168
0.0,526.0,0.752961949340375
0.0,528.0000000000001,0.7561926077194533
0.0,530.0,0.75714507224822
0.0,532.0,0.7571503806614768
0.0,534.0000000000001,0.7569267721936395
0.0,536.0,0.7568591955985267
0.0,538.0000000000001,0.7571480709129804
0.0,540.0,0.7578898482614654
0.0,542.0000000000001,0.7591215139358061
0.0,544.0,0.7608456601052324
0.0,546.0,0.7630448500448848
0.0,548.0000000000001,0.765689964325085
0.0,550.0,0.7687450978523361
0.0,552.0000000000001,0.7721704477742263
0.0,554.0,0.7759240154209369
0.0,556.0,0.7799626014067683
0.0,558.0,0.7842423771107272
0.0,560.0,0.788719201995522
0.0,562.0000000000001,0.7933487888892179
0.0,564.0,0.7980867787275985
0.0,566.0000000000001,0.8028887612347599
0.0,568.0,0.8077102622353993
0.0,570.0,0.8125067080211428
0.0,572.0,0.8172333702193312
0.0,574.0,0.8218452895782885
0.0,576.0000000000001,0.8262971731439379
0.0,578.0,0.830543255882928
0.0,580.0000000000001,0.8345371145089374
0.0,582.0000000000001,0.8382314177485157
0.0,584.0,0.8415775932229338
0.0,586.0,0.8445253861630817
0.0,588.0,0.847022278882698
0.0,590.0000000000001,0.8490127317234348
0.0,592.0,0.8504371952889145
0.0,594.0,0.851230829106506
0.0,596.0000000000001,0.8513218418914514
0.0,598.0,0.8506293411570445
0.0,600.0000000000001,0.8490605417936865
0.0,602.0,0.8465071288226346
0.0,604.0000000000001,0.8428404824288654
0.0,606.0,0.8379051803266189
0.0,608.0,0.8315169908940152
0.0,610.0000000000001,0.8234281018515636
0.0,612.0,0.8133524164730791
0.0,614.0000000000001,0.8009120661091991
0.0,616.0,0.7856252169490832
0.0,618.0,0.7668690553845079
0.0,620.0,0.7438337350716531
0.0,622.0,0.7154639906038299
0.0,624.0000000000001,0.6803905014350571
0.0,626.0,0.6368637425529012
0.0,628.0000000000001,0.5827305742332739
0.0,630.0000000000001,0.5155586360163473
0.0,632.0,0.433149441766071
0.0,634.0,0.3349079642005782
0.0,636.0,0.2247046314645266
0.0,638.0000000000001,0.1152100176841035
0.0,640.0,0.0306157042006757
0.0,642.0000000000001,0.00010371526967930472
0.0,644.0000000000001,0.0390829833262446
0.0,646.0,0.1352674950894706
0.0,648.0,0.2580966359013406
0.0,650.0,0.3798915995252462
0.0,652.0000000000001,0.4858158648940247
0.0,654.0,0.5717983856279882
0.0,656.0,0.6392628555555621
0.0,658.0000000000001,0.691445088982418
0.0,660.0,0.7316615293348906
0.0,662.0000000000001,0.762716470459914
0.0,664.0,0.7868067016163721
0.0,666.0000000000001,0.80559777385654
0.0,668.0,0.8203371296503553
0.0,670.0,0.8319574854884074
0.0,672.0000000000001,0.8411589934329788
0.0,674.0,0.8484708992060724
0.0,676.0000000000001,0.8542966730530087
0.0,678.0,0.8589467333496262
0.0,680.0,0.8626621452039978
0.0,682.0,0.8656318409943226
0.0,684.0,0.868005208499563
0.0,686.0000000000001,0.8699013613002924
0.0,688.0,0.8714160220468995
0.0,690.0000000000001,0.8726266771709662
0.0,692.0000000000001,0.8735964706505219
0.0,694.0,0.8743771706403769
0.0,696.0,0.8750114488439453
0.0,698.0,0.8755346462607135
0.0,700.0000000000001,0.8759761519621894
0.0,702.0,0.8763604879970085
0.0,704.0000000000001,0.8767081693988483
0.0,706.0000000000001,0.8770363907880582
0.0,708.0,0.8773595782960566
0.0,710.0,0.8776898361576109
0.0,712.0,0.8780373103641284
0.0,714.0000000000001,0.8784104865838706
0.0,716.0,0.8788164356584596
0.0,718.0,0.8792610170369739
0.0,720.0000000000001,0.8797490482656894
0.0,722.0,0.8802844469300709
0.0,724.0,0.8808703501222545
0.0,726.0000000000001,0.8815092154764236
0.0,728.0000000000001,0.8822029070149645
0.0,730.0,0.8829527684172646
0.0,732.0,0.883759685828285
0.0,734.0000000000001,0.8846241419293676
0.0,736.0,0.8855462626816581
0.0,738.0000000000001,0.8865258579007856
0.0,740.0000000000001,0.887562456619052
0.0,742.0,0.8886553380293938
0.0,744.0,0.8898035586712972
0.0,746.0,0.8910059764114053
0.0,748.0000000000001,0.8922612716831378
0.0,750.0,0.8935679663750367
1.0,450.00000000000006,0.1045925038397703
1.0,452.0,0.1468945904672613
1.0,454.0,0.1796602765689847
1.0,456.0000000000001,0.2003316506346468
1.0,458.0000000000001,0.209220541707519
1.0,460.00000000000006,0.207970442039866
1.0,462.00000000000006,0.1986326315151056
1.0,464.0,0.1831511688166642
1.0,466.0,0.1631862883661372
1.0,468.0,0.1401217568936841
1.0,470.0000000000001,0.115157564675424
1.0,472.00000000000006,0.0894370038759011
1.0,474.00000000000006,0.0641824252004235
1.0,476.0,0.0408190332389818
1.0,478.0,0.0210542126448017
1.0,480.00000000000006,0.0068561130137591
1.0,482.0,0.00025446232397146137
1.0,484.00000000000006,0.0029031645592772
1.0,486.0000000000001,0.0154429670963913
1.0,488.00000000000006,0.0368828661516442
1.0,490.00000000000006,0.0643582047311935
1.0,492.0,0.0935193256353952
1.0,494.00000000000006,0.1194317832889999
1.0,496.0,0.1375268403883955
1.0,498.00000000000006,0.1441754630709698
1.0,500.00000000000006,0.1368327080954547
1.0,502.0,0.114202713158117
1.0,504.00000000000006,0.0771395538843606
1.0,506.0,0.0324841757332286
1.0,508.00000000000006,0.0012128767455168
1.0,510.0,0.0258723888021458
1.0,512.0,0.1460011805066601
1.0,514.0000000000001,0.33377011785098
1.0,516.0,0.5080280643572703
1.0,518.0000000000001,0.6256767624149976
1.0,520.0,0.6927035392837538
1.0,522.0,0.7277340250076758
1.0,524.0,0.7450026239303035
1.0,526.0,0.7529259742246007
1.0,528.0000000000001,0.7561087847977659
1.0,530.0,0.7570241304261955
1.0,532.0,0.7570013598807626
1.0,534.0000000000001,0.7567568262818941
1.0,536.0,0.7566738525074846
1.0,538.0000000000001,0.7569515742472153
1.0,540.0,0.7576854628107439
1.0,542.0000000000001,0.7589117694964121
1.0,544.0,0.7606325373633606
1.0,546.0,0.7628299196545517
1.0,548.0000000000001,0.7654744903345151
1.0,550.0,0.768530114660444
1.0,552.0000000000001,0.7719568176284435
1.0,554.0,0.7757124716510483
1.0,556.0,0.7797537811830607
1.0,558.0,0.7840368464875579
1.0,560.0,0.7885174752526332
1.0,562.0000000000001,0.7931513436517647
1.0,564.0,0.7978940679568965
1.0,566.0000000000001,0.8027012229093535
1.0,568.0,0.8075283273406068
1.0,570.0,0.8123308073252062
1.0,572.0,0.8170639402158155
1.0,574.0,0.8216827779081712
1.0,576.0000000000001,0.8261420437674515
1.0,578.0,0.8303959942485315
1.0,580.0000000000001,0.8343982329559533
1.0,582.0000000000001,0.8381014613848559
1.0,584.0,0.8414571465336639
1.0,586.0,0.8444150806337501
1.0,588.0,0.8469228019575911
1.0,590.0000000000001,0.8489248374688083
1.0,592.0,0.8503617171781547
1.0,594.0,0.8511686953760341
1.0,596.0000000000001,0.8512740938548545
1.0,598.0,0.8505971544862235
1.0,600.0000000000001,0.8490452492014927
1.0,602.0,0.8465102357385166
1.0,604.0000000000001,0.8428636277945635
1.0,606.0,0.8379495346210741
1.0,608.0,0.831596406542731
1.0,610.0000000000001,0.823529609355291
1.0,612.0,0.8134850924466546
1.0,614.0000000000001,0.8010807246864201
1.0,616.0,0.785835321230839
1.0,618.0,0.7671271393371264
1.0,620.0,0.744147658796057
1.0,622.0,0.715843119058711
1.0,624.0000000000001,0.6808456951757851
1.0,626.0,0.6374068657750946
1.0,628.0000000000001,0.5833728877683646
1.0,630.0000000000001,0.5163068381325869
1.0,632.0,0.4339972680278617
1.0,634.0,0.3358209468813086
1.0,636.0,0.2255990974940811
1.0,638.0000000000001,0.1159414847027777
1.0,640.0,0.0310148789717403
1.0,642.0000000000001,8.291101530441765e-05
1.0,644.0000000000001,0.0387867376603062
1.0,646.0,0.1347702822838273
1.0,648.0,0.2576314245287383
1.0,650.0,0.379532755645846
1.0,652.0000000000001,0.4855678660084737
1.0,654.0,0.5716380458332735
1.0,656.0,0.6391638645182494
1.0,658.0000000000001,0.6913864780902353
1.0,660.0,0.7316286689617082
1.0,662.0000000000001,0.7626997821463192
1.0,664.0,0.786800125840273
1.0,666.0000000000001,0.8055975599415287
1.0,668.0,0.8203409976892662
1.0,670.0,0.8319640777712682
1.0,672.0000000000001,0.8411675246354449
1.0,674.0,0.8484809359792873
1.0,676.0000000000001,0.8543079958768843
1.0,678.0,0.8589592501701411
1.0,680.0,0.8626758375739535
1.0,682.0,0.8656467306260018
1.0,684.0,0.868021336657448
1.0,686.0000000000001,0.8699187762845039
1.0,688.0,0.8714347717751215
1.0,690.0000000000001,0.8726468049665391
1.0,692.0000000000001,0.8736180130370055
1.0,694.0,0.87440015637702
1.0,696.0,0.8750358987144093
1.0,698.0,0.8755605733052189
1.0,700.0000000000001,0.8760035619549629
1.0,702.0,0.8763893800456369
1.0,704.0000000000001,0.8767385365884246
1.0,706.0000000000001,0.8770682208231858
1.0,708.0,0.8773928541137654
1.0,710.0,0.877724536496747
1.0,712.0,0.878073410284136
1.0,714.0000000000001,0.8784479579312863
1.0,716.0,0.8788552474821988
1.0,718.0,0.8793011359554671
1.0,720.0000000000001,0.8797904387890509
1.0,722.0,0.8803270717422342
1.0,724.0,0.8809141703261738
1.0,726.0000000000001,0.8815541908074409
1.0,728.0000000000001,0.8822489960255944
1.0,730.0,0.8829999286368017
1.0,732.0,0.8838078739006028
1.0,734.0000000000001,0.8846733137320065
1.0,736.0,0.8855963734284934
1.0,738.0000000000001,0.8865768622304734
1.0,740.0000000000001,0.8876143086716819
1.0,742.0,0.8887079915127858
1.0,744.0,0.8898569669187343
1.0,746.0,0.891060092432207
1.0,748.0000000000001,0.892316048206884
1.0,750.0,0.8936233558913754
2.0,450.00000000000006,0.1044556684507836
2.0,452.0,0.1467477062762144
2.0,454.0,0.1794944943429623
2.0,456.0000000000001,0.2000975109153761
2.0,458.0000000000001,0.2089172481307742
2.0,460.00000000000006,0.2075899292083891
2.0,462.00000000000006,0.1981794075550794
2.0,464.0,0.1826362559989779
2.0,466.0,0.1626249882516478
2.0,468.0,0.1395325472249483
2.0,470.0000000000001,0.1145619879345057
2.0,472.00000000000006,0.0888600973887895
2.0,474.00000000000006,0.0636530967199843
2.0,476.0,0.0403695904460728
2.0,478.0,0.0207180136710724
2.0,480.00000000000006,0.0066622573478917
2.0,482.0,0.0002191016424349159
2.0,484.00000000000006,0.0030189307312015
2.0,486.0000000000001,0.0156708991114114
2.0,488.00000000000006,0.0371535091944926
2.0,490.00000000000006,0.0645778618573828
2.0,492.0,0.0935990824925739
2.0,494.00000000000006,0.1192944769152846
2.0,496.0,0.1371160798603282
2.0,498.00000000000006,0.1434525493084948
2.0,500.00000000000006,0.1357771338211205
2.0,502.0,0.1127852263412023
2.0,504.00000000000006,0.0754984713988144
2.0,506.0,0.0309890821779968
2.0,508.00000000000006,0.0008462263046571032
2.0,510.0,0.0282027450055734
2.0,512.0,0.1515683451757203
2.0,514.0000000000001,0.3404982475547866
2.0,516.0,0.5135784124719122
2.0,518.0000000000001,0.6295117050711186
2.0,520.0,0.6952488285760143
2.0,522.0,0.7294795364123501
2.0,524.0,0.7462780266600381
2.0,526.0,0.7539249272401679
2.0,528.0000000000001,0.756941504555565
2.0,530.0,0.7577536850686012
2.0,532.0,0.7576645100466586
2.0,534.0000000000001,0.7573754602026287
2.0,536.0,0.7572612564848514
2.0,538.0000000000001,0.7575159284164641
2.0,540.0,0.7582318353829707
2.0,542.0000000000001,0.7594432831318967
2.0,544.0,0.7611510685051756
2.0,546.0,0.7633365280070772
2.0,548.0000000000001,0.7659696887435273
2.0,550.0,0.7690140425081637
2.0,552.0000000000001,0.7724293547065281
2.0,554.0,0.7761733146315947
2.0,556.0,0.7802024961981135
2.0,558.0,0.7844729062212054
2.0,560.0,0.7889402858642257
2.0,562.0000000000001,0.7935602649362118
2.0,564.0,0.7982884289484763
2.0,566.0000000000001,0.8030803343549234
2.0,568.0,0.80789149196244
2.0,570.0,0.8126773284549706
2.0,572.0,0.817393129153873
2.0,574.0,0.8219939602089885
2.0,576.0000000000001,0.8264345645448022
2.0,578.0,0.8306692225185542
2.0,580.0000000000001,0.8346515649839761
2.0,582.0000000000001,0.8383343229608947
2.0,584.0,0.8416689940742199
2.0,586.0,0.8446054009889343
2.0,588.0,0.8470911107904417
2.0,590.0000000000001,0.849070676079667
2.0,592.0,0.8504846476794758
2.0,594.0,0.8512682942258694
2.0,596.0000000000001,0.8513499440491236
2.0,598.0,0.8506488375634544
2.0,600.0000000000001,0.849072341006007
2.0,602.0,0.8465123210035995
2.0,604.0000000000001,0.842840410755606
2.0,606.0,0.8379018421485367
2.0,608.0,0.8315058148001141
2.0,610.0000000000001,0.8234199325091891
2.0,612.0,0.8133466325420486
2.0,614.0000000000001,0.8009112598643001
2.0,616.0,0.7856327049140847
2.0,618.0,0.7668888985013996
2.0,620.0,0.7438708841154498
2.0,622.0,0.7155244628554797
2.0,624.0000000000001,0.6804815294224383
2.0,626.0,0.6369937675196186
2.0,628.0000000000001,0.5829087911747166
2.0,630.0000000000001,0.5157934662537542
2.0,632.0,0.4334447688376437
2.0,634.0,0.3352555056219449
2.0,636.0,0.2250719907021847
2.0,638.0000000000001,0.1155306892463789
2.0,640.0,0.0308008195260212
2.0,642.0000000000001,9.32579878762328e-05
2.0,644.0000000000001,0.03896142017212
2.0,646.0,0.1349983188083458
2.0,648.0,0.2578297038134584
2.0,650.0,0.3796691052097155
2.0,652.0000000000001,0.4856441295678091
2.0,654.0,0.5716679267964783
2.0,656.0,0.6391613384692215
2.0,658.0000000000001,0.6913622906208661
2.0,660.0,0.7315902441093729
2.0,662.0000000000001,0.7626520310761865
2.0,664.0,0.7867462566109859
2.0,666.0000000000001,0.8055396784430252
2.0,668.0,0.8202805089568932
2.0,670.0,0.8319019422402633
2.0,672.0000000000001,0.8411044187705221
2.0,674.0,0.8484173524278371
2.0,676.0000000000001,0.8542443060338276
2.0,678.0,0.8588957435031345
2.0,680.0,0.8626127465661017
2.0,682.0,0.8655842467808874
2.0,684.0,0.8679596209140787
2.0,686.0000000000001,0.8698579659121619
2.0,688.0,0.8713749850348455
2.0,690.0000000000001,0.8725881443440249
2.0,692.0000000000001,0.8735605675530479
2.0,694.0,0.8743440032972196
2.0,696.0,0.8749811048622163
2.0,698.0,0.875507196109144
2.0,700.0000000000001,0.8759516503146332
2.0,702.0,0.8763389750706532
2.0,704.0000000000001,0.8766896722455801
2.0,706.0000000000001,0.8770209245147473
2.0,708.0,0.8773471472025093
2.0,710.0,0.8776804347871384
2.0,712.0,0.8780309244667067
2.0,714.0000000000001,0.8784070939949644
2.0,716.0,0.8788160070977841
2.0,718.0,0.8792635168326055
2.0,720.0000000000001,0.8797544350091587
2.0,722.0,0.8802926740681684
2.0,724.0,0.8808813664909672
2.0,726.0000000000001,0.8815229657826162
2.0,728.0000000000001,0.8822193322704741
2.0,730.0,0.8829718063303758
2.0,732.0,0.8837812711563626
2.0,734.0000000000001,0.8846482067971742
2.0,736.0,0.8855727368685045
2.0,738.0000000000001,0.8865546690999169
2.0,740.0000000000001,0.887593530672384
2.0,742.0,0.8886885991400135
2.0,744.0,0.8898389295964098
2.0,746.0,0.8910433786380552
2.0,748.0000000000001,0.8923006255880838
2.0,750.0,0.893609191371626
3.0,450.00000000000006,0.1065225743902376
3.0,452.0,0.1489281073627195
3.0,454.0,0.1815975768439553
3.0,456.0000000000001,0.2021375156313525
3.0,458.0000000000001,0.2108667537920892
3.0,460.00000000000006,0.2094245610836646
3.0,462.00000000000006,0.1998894238128379
3.0,464.0,0.1842079457819218
3.0,466.0,0.1640415393973767
3.0,468.0,0.1407762616959089
3.0,470.0000000000001,0.115616612697173
3.0,472.00000000000006,0.0897132201834016
3.0,474.00000000000006,0.0642989127220174
3.0,476.0,0.0408122978803634
3.0,478.0,0.0209757002432193
3.0,480.00000000000006,0.006770342180865
3.0,482.0,0.00023129842063979769
3.0,484.00000000000006,0.0030029364071257
3.0,486.0000000000001,0.0156968841548132
3.0,488.00000000000006,0.0372761386792919
3.0,490.00000000000006,0.06482657650675
3.0,492.0,0.0939576570211063
3.0,494.00000000000006,0.1197150104778408
3.0,496.0,0.1375250767646392
3.0,498.00000000000006,0.1437597562595715
3.0,500.00000000000006,0.1358619708437326
3.0,502.0,0.1127682507516775
3.0,504.00000000000006,0.0751311137673671
3.0,506.0,0.0304724024225083
3.0,508.00000000000006,0.0007092452318379312
3.0,510.0,0.0293074224210848
3.0,512.0,0.1540760716316755
3.0,514.0000000000001,0.3430935356008519
3.0,516.0,0.5151582058171426
3.0,518.0000000000001,0.6301057311161948
3.0,520.0,0.695287758367069
3.0,522.0,0.7292902662569696
3.0,524.0,0.7460322379578587
3.0,526.0,0.7536983349614812
3.0,528.0000000000001,0.7567618798522239
3.0,530.0,0.7576269627684604
3.0,532.0,0.7575874094728821
3.0,534.0000000000001,0.7573413019871184
3.0,536.0,0.757262553578569
3.0,538.0000000000001,0.7575454808247644
3.0,540.0,0.7582831397801815
3.0,542.0000000000001,0.7595106353657516
3.0,544.0,0.7612295349868832
3.0,546.0,0.7634218674801404
3.0,548.0000000000001,0.766058261438273
3.0,550.0,0.7691027226731747
3.0,552.0000000000001,0.772515452634482
3.0,554.0,0.7762545097332091
3.0,556.0,0.7802767806739948
3.0,558.0,0.7845385380878189
3.0,560.0,0.7889957498707414
3.0,562.0000000000001,0.7936042399501987
3.0,564.0,0.7983197605363801
3.0,566.0000000000001,0.803098011460766
3.0,568.0,0.8078946267572618
3.0,570.0,0.8126651385710075
3.0,572.0,0.8173649216311379
3.0,574.0,0.8219491165690774
3.0,576.0000000000001,0.8263725264719612
3.0,578.0,0.8305894776767441
3.0,580.0000000000001,0.8345536325271672
3.0,582.0000000000001,0.8382177383094831
3.0,584.0,0.841533292522779
3.0,586.0,0.8444500996836356
3.0,588.0,0.8469156885602369
3.0,590.0000000000001,0.8488745505147338
3.0,592.0,0.8502671487133702
3.0,594.0,0.8510286332646554
3.0,596.0000000000001,0.851087177344349
3.0,598.0,0.8503618218824465
3.0,600.0000000000001,0.8487596781539937
3.0,602.0,0.8461722828495091
3.0,604.0000000000001,0.8424708111034453
3.0,606.0,0.8374995311258207
3.0,608.0,0.831074295233226
3.0,610.0000000000001,0.8229461453709036
3.0,612.0,0.8128288894770072
3.0,614.0000000000001,0.8003439625205129
3.0,616.0,0.7850087408067226
3.0,618.0,0.7661994925847536
3.0,620.0,0.7431053493745831
3.0,622.0,0.7146700208374938
3.0,624.0000000000001,0.6795234192278644
3.0,626.0,0.6359161029987511
3.0,628.0000000000001,0.5816971242166348
3.0,630.0000000000001,0.5144409150127867
3.0,632.0,0.4319648378856043
3.0,634.0,0.3337051812522075
3.0,636.0,0.2235834710539094
3.0,638.0000000000001,0.1143289229755849
3.0,640.0,0.0301490172515152
3.0,642.0000000000001,0.00013087635123519982
3.0,644.0000000000001,0.0400010293180674
3.0,646.0,0.1358462114493219
3.0,648.0,0.2586546482397627
3.0,650.0,0.3803399061088012
3.0,652.0000000000001,0.4861418086391226
3.0,654.0,0.5720216462788635
3.0,656.0,0.6394092673747405
3.0,658.0000000000001,0.6915368213518076
3.0,660.0,0.731715177053186
3.0,662.0000000000001,0.7627438072957021
3.0,664.0,0.7868159328847512
3.0,666.0000000000001,0.8055946175203555
3.0,668.0,0.8203256074846169
3.0,670.0,0.8319404664355928
3.0,672.0000000000001,0.8411385576152253
3.0,674.0,0.8484485802204221
3.0,676.0000000000001,0.8542736197884357
3.0,678.0,0.8589238190264484
3.0,680.0,0.862640041757843
3.0,682.0,0.8656110705554044
3.0,684.0,0.8679861795848217
3.0,686.0000000000001,0.8698843946849214
3.0,688.0,0.8714013695769968
3.0,690.0000000000001,0.8726145356826994
3.0,692.0000000000001,0.8735869924484689
3.0,694.0,0.8743704715207005
3.0,696.0,0.8750076143392879
3.0,698.0,0.8755337365780964
3.0,700.0000000000001,0.8759782059446666
3.0,702.0,0.8763655263458768
3.0,704.0000000000001,0.8767161973267484
3.0,706.0000000000001,0.8770474002278488
3.0,708.0,0.8773735497580064
3.0,710.0,0.8777067403040555
3.0,712.0,0.8780571093550774
3.0,714.0000000000001,0.8784331352336318
3.0,716.0,0.8788418824356313
3.0,718.0,0.8792892049329701
3.0,720.0000000000001,0.8797799155516572
3.0,722.0,0.8803179278193646
3.0,724.0,0.8809063753508986
3.0,726.0000000000001,0.8815477128138499
3.0,728.0000000000001,0.882243801713581
3.0,730.0,0.8829959836092856
3.0,732.0,0.8838051428760432
3.0,734.0000000000001,0.8846717607355457
3.0,736.0,0.8855959619640684
3.0,738.0000000000001,0.8865775554361266
3.0,740.0000000000001,0.8876160694593516
3.0,742.0,0.8887107826947785
3.0,744.0,0.8898607513216837
3.0,746.0,0.8910648329999966
3.0,748.0000000000001,0.892321708093607
3.0,750.0,0.8936298985450672
4.0,450.00000000000006,0.1062445173403321
4.0,452.0,0.1488017363911815
4.0,454.0,0.1816662482902256
4.0,456.0000000000001,0.2023255627173019
4.0,458.0000000000001,0.2111361307325431
4.0,460.00000000000006,0.2097680218031173
4.0,462.00000000000006,0.2002878819032881
4.0,464.0,0.1846457250283509
4.0,466.0,0.1645038707393434
4.0,468.0,0.141247343943675
4.0,470.0000000000001,0.1160785434948317
4.0,472.00000000000006,0.090145827875948
4.0,474.00000000000006,0.064680560537333
4.0,476.0,0.0411218115148761
4.0,478.0,0.0211954820849043
4.0,480.00000000000006,0.0068902825899903
4.0,482.0,0.00025219987775748143
4.0,484.00000000000006,0.0029372249622729
4.0,486.0000000000001,0.0155646008199493
4.0,488.00000000000006,0.0370989567295588
4.0,490.00000000000006,0.0646023431141201
4.0,492.0,0.0936885796900736
4.0,494.00000000000006,0.1193846948758623
4.0,496.0,0.1371164895354783
4.0,498.00000000000006,0.1432637457062363
4.0,500.00000000000006,0.1353005867395562
4.0,502.0,0.1119907827501808
4.0,504.00000000000006,0.0743711654049083
4.0,506.0,0.0298414796583014
4.0,508.00000000000006,0.0005880986502656034
4.0,510.0,0.0303029771775735
4.0,512.0,0.1563496106649749
4.0,514.0000000000001,0.3457090146974753
4.0,516.0,0.5170867705277123
4.0,518.0000000000001,0.6311348800156601
4.0,520.0,0.6956440383302317
4.0,522.0,0.7292304573266551
4.0,524.0,0.7457345860568924
4.0,526.0,0.7532714335979139
4.0,528.0000000000001,0.7562696802170936
4.0,530.0,0.7571071009432239
4.0,532.0,0.7570622378270506
4.0,534.0000000000001,0.7568242046752074
4.0,536.0,0.7567615494312834
4.0,538.0000000000001,0.7570653079134713
4.0,540.0,0.7578264865622922
4.0,542.0000000000001,0.7590788840570125
4.0,544.0,0.760823220083467
4.0,546.0,0.7630409640987139
4.0,548.0000000000001,0.7657023696831625
4.0,550.0,0.7687711871323079
4.0,552.0000000000001,0.7722074406150753
4.0,554.0,0.7759690628103442
4.0,556.0,0.7800128487370454
4.0,558.0,0.7842950017909391
4.0,560.0,0.7887714353536952
4.0,562.0000000000001,0.7933979283898098
4.0,564.0,0.798130194231138
4.0,566.0000000000001,0.8029238975762486
4.0,568.0,0.807734639462053
4.0,570.0,0.812517920032047
4.0,572.0,0.8172290821425864
4.0,574.0,0.8218232339542111
4.0,576.0000000000001,0.8262551447918487
4.0,578.0,0.8304791051850857
4.0,580.0000000000001,0.8344487387265523
4.0,582.0000000000001,0.8381167498761587
4.0,584.0,0.8414345877755751
4.0,586.0,0.8443520011634624
4.0,588.0,0.8468164531578861
4.0,590.0000000000001,0.8487723564142301
4.0,592.0,0.8501600781842725
4.0,594.0,0.850914649983151
4.0,596.0000000000001,0.8509640963180681
4.0,598.0,0.8502272688260432
4.0,600.0000000000001,0.848611031977271
4.0,602.0,0.8460065836636589
4.0,604.0000000000001,0.8422845552094154
4.0,606.0,0.8372875411348148
4.0,608.0,0.8308466267394145
4.0,610.0000000000001,0.8226787362793909
4.0,612.0,0.8125217454528321
4.0,614.0000000000001,0.7999904460599451
4.0,616.0,0.7846003110156786
4.0,618.0,0.7657255822866279
4.0,620.0,0.7425529694340934
4.0,622.0,0.7140233384278879
4.0,624.0000000000001,0.6787635250233627
4.0,626.0,0.6350214309698167
4.0,628.0000000000001,0.5806455523917506
4.0,630.0000000000001,0.5132156681252895
4.0,632.0,0.4305680236152494
4.0,634.0,0.3321840186015089
4.0,636.0,0.2220695624356548
4.0,638.0000000000001,0.1130672291217223
4.0,640.0,0.0294482852340547
4.0,642.0000000000001,0.00018020270250360132
4.0,644.0000000000001,0.040184997249417
4.0,646.0,0.1368295097333455
4.0,648.0,0.2596042328835943
4.0,650.0,0.3810932510021438
4.0,652.0000000000001,0.4866714234746666
4.0,654.0,0.5723619248659518
4.0,656.0,0.6396082018578959
4.0,658.0000000000001,0.6916364486006572
4.0,660.0,0.7317471353411691
4.0,662.0000000000001,0.7627303994339212
4.0,664.0,0.7867724251932088
4.0,666.0000000000001,0.8055313360692604
4.0,668.0,0.8202495162630156
4.0,670.0,0.8318562698398149
4.0,672.0000000000001,0.8410494459999852
4.0,674.0,0.8483567275031902
4.0,676.0000000000001,0.8541805144842675
4.0,678.0,0.8588304849019406
4.0,680.0,0.862547185597932
4.0,682.0,0.8655191817130221
4.0,684.0,0.8678955974788148
4.0,686.0000000000001,0.8697953548575554
4.0,688.0,0.8713140353091251
4.0,690.0000000000001,0.8725290198111867
4.0,692.0000000000001,0.8735033724903214
4.0,694.0,0.8742888001959795
4.0,696.0,0.874927926911283
4.0,698.0,0.8754560559815009
4.0,700.0000000000001,0.8759025463690845
4.0,702.0,0.8762918957372379
4.0,704.0000000000001,0.8766445991282469
4.0,706.0000000000001,0.8769778345870717
4.0,708.0,0.8773060143571021
4.0,710.0,0.8776412309261703
4.0,712.0,0.8779936202652858
4.0,714.0000000000001,0.8783716594310043
4.0,716.0,0.8787824118157315
4.0,718.0,0.8792317303893931
4.0,720.0000000000001,0.8797244270362177
4.0,722.0,0.8802644143748733
4.0,724.0,0.8808548251269769
4.0,726.0000000000001,0.8814981130719745
4.0,728.0000000000001,0.8821961388263178
4.0,730.0,0.8829502430570803
4.0,732.0,0.8837613092434801
4.0,734.0000000000001,0.8846298177083499
4.0,736.0,0.8855558923280721
4.0,738.0000000000001,0.8865393410778659
4.0,740.0000000000001,0.8875796913697902
4.0,742.0,0.8886762209746989
4.0,744.0,0.8898279851899256
4.0,746.0,0.8910338408037389
4.0,748.0000000000001,0.8922924673208258
4.0,750.0,0.8936023858388247
5.0,450.00000000000006,0.1053339719839553
5.0,452.0,0.147921558561583
5.0,454.0,0.1809250705045086
5.0,456.0000000000001,0.2016271916450824
5.0,458.0000000000001,0.2106298626564696
5.0,460.00000000000006,0.2093888967798838
5.0,462.00000000000006,0.2000188401843573
5.0,464.0,0.1844678060623422
5.0,466.0,0.1643981872310639
5.0,468.0,0.1411959386210355
5.0,470.0000000000001,0.1160646453935419
5.0,472.00000000000006,0.0901539606299135
5.0,474.00000000000006,0.0646968895653685
5.0,476.0,0.0411350915538908
5.0,478.0,0.0211989249637981
5.0,480.00000000000006,0.0068844704844261
5.0,482.0,0.00024865423015850066
5.0,484.00000000000006,0.002961390183035
5.0,486.0000000000001,0.0156562550245011
5.0,488.00000000000006,0.0373069853000584
5.0,490.00000000000006,0.0649892855394948
5.0,492.0,0.0943032715743274
5.0,494.00000000000006,0.1202784247565804
5.0,496.0,0.1383394995617137
5.0,498.00000000000006,0.1448689821775985
5.0,500.00000000000006,0.1373401583876738
5.0,502.0,0.1144465156565379
5.0,504.00000000000006,0.0771170022351084
5.0,506.0,0.032256903990276
5.0,508.00000000000006,0.0011148971212814
5.0,510.0,0.0266065116366505
5.0,512.0,0.1479849499151932
5.0,514.0000000000001,0.3362144236642853
5.0,516.0,0.509856552480819
5.0,518.0000000000001,0.6266550164246357
5.0,520.0,0.693078784481583
5.0,522.0,0.7277775021670042
5.0,524.0,0.744891332641629
5.0,526.0,0.7527585230351164
5.0,528.0000000000001,0.7559364903478302
5.0,530.0,0.7568723324819153
5.0,532.0,0.7568815354486929
5.0,534.0000000000001,0.7566731144614748
5.0,536.0,0.756626530565449
5.0,538.0000000000001,0.7569389167852137
5.0,540.0,0.7577047433747335
5.0,542.0000000000001,0.7589598025523712
5.0,544.0,0.7607059706080388
5.0,546.0,0.762925389049088
5.0,548.0000000000001,0.7655886990186392
5.0,550.0,0.7686598695695255
5.0,552.0000000000001,0.7720990427869325
5.0,554.0,0.7758642088962802
5.0,556.0,0.779912184454167
5.0,558.0,0.7841991731643619
5.0,560.0,0.788681076492781
5.0,562.0000000000001,0.7933136547614584
5.0,564.0,0.7980525992898767
5.0,566.0000000000001,0.8028535514551174
5.0,568.0,0.8076720889618418
5.0,570.0,0.8124636894727677
5.0,572.0,0.8171836748585526
5.0,574.0,0.8217871343474441
5.0,576.0000000000001,0.8262288209443767
5.0,578.0,0.8304630120936217
5.0,580.0000000000001,0.8344433222684589
5.0,582.0000000000001,0.8381224516562296
5.0,584.0,0.841451851044764
5.0,586.0,0.8443812780495252
5.0,588.0,0.8468582135132554
5.0,590.0000000000001,0.8488270986821627
5.0,592.0,0.8502283428370891
5.0,594.0,0.8509970363593304
5.0,596.0000000000001,0.8510612842415549
5.0,598.0,0.8503400477203858
5.0,600.0000000000001,0.8487403440941432
5.0,602.0,0.8461536028911582
5.0,604.0000000000001,0.8424509056102057
5.0,606.0,0.8374767541998553
5.0,608.0,0.8310402658500873
5.0,610.0000000000001,0.8229062236545034
5.0,612.0,0.8127770796101872
5.0,614.0000000000001,0.8002761337499784
5.0,616.0,0.7849201002856495
5.0,618.0,0.7660842216793002
5.0,620.0,0.7429562719222894
5.0,622.0,0.7144782433468171
5.0,624.0000000000001,0.6792779993028303
5.0,626.0,0.6356039393700393
5.0,628.0000000000001,0.5813035553052252
5.0,630.0000000000001,0.5139521172341461
5.0,632.0,0.4313741668874371
5.0,634.0,0.3330267039493066
5.0,636.0,0.2228743884194791
5.0,638.0000000000001,0.1137107835278875
5.0,640.0,0.0297910055669847
5.0,642.0000000000001,0.0001559514730714262
5.0,644.0000000000001,0.0423404382115389
5.0,646.0,0.1363992496557014
5.0,648.0,0.2592010953026115
5.0,650.0,0.3807804918382897
5.0,652.0000000000001,0.4864533788457529
5.0,654.0,0.5722194184323346
5.0,656.0,0.6395190730069109
5.0,658.0000000000001,0.6915827464916101
5.0,660.0,0.7317160855190155
5.0,662.0000000000001,0.7627134240615461
5.0,664.0,0.7867639179345741
5.0,666.0000000000001,0.8055276767467293
5.0,668.0,0.8202483789131868
5.0,670.0,0.8318561635042555
5.0,672.0000000000001,0.8410494173576075
5.0,674.0,0.8483561700745267
5.0,676.0000000000001,0.8541790463847424
5.0,678.0,0.8588278703031558
5.0,680.0,0.8625432840348737
5.0,682.0,0.8655139151841338
5.0,684.0,0.8678889289771182
5.0,686.0000000000001,0.8697872742895155
5.0,688.0,0.8713045502196995
5.0,690.0000000000001,0.8725181492538362
5.0,692.0000000000001,0.873491142967179
5.0,694.0,0.8742752429667122
5.0,696.0,0.8749130762111285
5.0,698.0,0.875439947843962
5.0,700.0000000000001,0.8758852178522383
5.0,702.0,0.8762733844192042
5.0,704.0000000000001,0.8766249427819832
5.0,706.0000000000001,0.8769570709733799
5.0,708.0,0.8772841810968872
5.0,710.0,0.8776183654239942
5.0,712.0,0.8779697596654452
5.0,714.0000000000001,0.878346840595518
5.0,716.0,0.8787566713145272
5.0,718.0,0.8792051044986042
5.0,720.0000000000001,0.879696951740364
5.0,722.0,0.880236125371569
5.0,724.0,0.8808257578315807
5.0,726.0000000000001,0.881468302622596
5.0,728.0000000000001,0.8821656200879535
5.0,730.0,0.8829190506246992
5.0,732.0,0.8837294774443462
5.0,734.0000000000001,0.8845973806032398
5.0,736.0,0.8855228837112666
5.0,738.0000000000001,0.886505794476534
5.0,740.0000000000001,0.8875456400421902
5.0,742.0,0.888641697907666
5.0,744.0,0.889793023095554
5.0,746.0,0.8909984721152293
5.0,748.0000000000001,0.8922567241876852
5.0,750.0,0.8935663001215083
